"Número.colección.planta.madre","nombre.progenie","Fecha.siembra","Fecha.trasplante","Fecha.medición.1","supervivencia.1","Fecha.medición.2","supervivencia.2","Fecha.medición.3","supervivencia.3"
"1024","1A_3_9",2019-04-02,2019-08-06,2020-03-09,"V",2020-11-14,"V",2023-06-23,"V"
"1002","1A_5_10",2019-04-02,2019-08-06,2020-03-09,"V",2020-11-17,"V",2023-06-25,"V"
"1015","1A_1_7",2019-04-02,2019-08-06,2020-03-09,"V",2020-11-14,"V",2023-06-22,"V"
"1028","1A_2_3",2019-04-05,2019-08-06,2020-03-09,"V",2020-11-17,"V",NA,"M"
"1018","1A_2_5",2019-04-05,2019-08-06,2020-03-09,"V",2020-11-15,"V",2023-05-27,"V"
"1028","1A_5_8",2019-04-05,2019-08-06,2020-03-09,"V",2020-11-14,"V",2023-06-27,"V"
"1009","1A_5_6",2019-04-05,2019-08-06,2020-03-09,"V",2020-11-13,"V",2023-06-22,"V"
"1009","1A_1_1",2019-04-05,2019-08-06,2020-03-09,"M",NA,"M",NA,"M"
"1009","1A_3_7",2019-04-05,2019-08-06,2020-03-09,"V",2020-11-14,"V",2023-06-25,"V"
"1020","1A_3_1",2019-04-05,2019-08-06,2020-03-09,"V",2020-11-15,"V",2023-06-25,"V"
"1010","1A_4_2",2019-04-05,2019-08-06,2020-03-09,"V",2020-11-14,"V",2023-06-22,"V"
"1032","1A_1_5",2019-04-05,2019-08-06,2020-03-09,"V",2020-11-14,"V",2023-06-23,"V"
"1025","1A_1_9",2019-04-05,2019-08-06,2020-03-09,"V",2020-11-14,"V",NA,"M"
"1007","1A_2_2",2019-04-05,2019-08-06,2020-03-09,"V",2020-11-14,"V",2023-06-27,"V"
"1012","1A_4_9",2019-04-05,2019-08-06,2020-03-09,"V",2020-11-15,"V",NA,"M"
"1014","1A_4_3",2019-04-05,2019-08-06,2020-03-09,"V",2020-11-14,"V",NA,"M"
"1014","1A_2_7",2019-04-05,2019-08-06,2020-03-09,"V",2020-11-14,"V",2023-05-28,"V"
"1014","1A_3_6",2019-04-05,2019-08-06,2020-03-09,"V",2020-11-14,"V",2023-06-27,"V"
"1042","1A_5_4",2019-04-05,2019-08-06,2020-03-09,"M",NA,"M",NA,"M"
"1003","1A_4_7",2019-04-05,2019-08-06,2020-03-09,"V",2020-11-15,"V",NA,"M"
"1017","1A_5_7",2019-04-05,2019-08-06,2020-03-10,"V",2020-11-14,"V",2023-06-26,"V"
"1003","1A_5_5",2019-04-05,2019-08-06,2020-03-10,"V",NA,"M",NA,"M"
"1009","1A_5_1",2019-04-05,2019-08-06,2020-03-10,"V",2020-11-14,"V",2023-05-28,"V"
"1003","1A_3_3",2019-04-05,2019-08-06,2020-03-10,"V",2020-11-17,"V",2023-06-26,"V"
"1017","1A_1_10",2019-04-05,2019-08-06,2020-03-10,"V",2020-11-13,"V",2023-06-23,"V"
"1009","1A_2_4",2019-04-05,2019-08-06,2020-03-10,"V",2020-11-14,"V",2023-06-22,"V"
"1008","1A_3_4",2019-04-05,2019-08-06,2020-03-10,"V",2020-11-15,"V",2023-06-22,"V"
"1009","1A_3_5",2019-04-05,2019-08-06,2020-03-10,"V",2020-11-15,"V",2023-06-27,"V"
"1009","1A_5_9",2019-04-05,2019-08-06,2020-03-10,"V",2020-11-13,"V",2023-06-23,"V"
"1008","1A_3_8",2019-04-05,2019-08-06,2020-03-10,"V",2020-11-15,"V",2023-06-27,"V"
"1013","1A_2_6",2019-04-05,2019-08-06,2020-03-10,"V",2020-11-16,"V",2023-06-24,"V"
"1035","1A_3_2",2019-04-05,2019-08-06,2020-03-10,"V",2020-11-15,"V",2023-06-25,"V"
"1035","1A_4_6",2019-04-05,2019-08-06,2020-03-10,"V",2020-11-14,"V",2023-06-27,"V"
"1027","1A_2_9",2019-04-05,2019-08-06,2020-03-10,"V",2020-11-15,"V",2023-06-27,"V"
"1027","1A_3_10",2019-04-05,2019-08-06,2020-03-10,"V",2020-11-16,"V",2023-06-23,"V"
"1017","1A_4_1",2019-04-05,2019-08-06,2020-03-10,"V",2020-11-14,"V",2023-06-25,"V"
"1003","1A_4_5",2019-04-05,2019-08-06,2020-03-10,"V",NA,"M",NA,"M"
"1012","1A_4_4",2019-04-05,2019-08-06,2020-03-10,"V",2020-11-12,"V",NA,"M"
"1017","1A_1_4",2019-04-05,2019-08-06,2020-03-10,"V",2020-11-14,"V",2023-06-22,"V"
"1003","1A_1_2",2019-04-05,2019-08-06,2020-03-10,"V",2020-11-13,"V",NA,"M"
"1007","1A_5_2",2019-04-05,2019-08-06,2020-03-10,"V",2020-11-15,"V",2023-05-27,"V"
"1003","1A_4_8",2019-04-05,2019-08-06,2020-03-10,"M",NA,"M",2023-06-27,"V"
"1007","1A_1_3",2019-04-05,2019-08-06,2020-03-10,"V",2020-11-16,"V",2023-06-22,"V"
"1009","1A_1_8",2019-04-05,2019-08-06,2020-03-10,"V",2020-11-17,"V",2023-06-24,"V"
"1007","1A_4_10",2019-04-05,2019-08-06,2020-03-10,"V",2020-11-15,"V",2023-05-27,"V"
"1020","1A_2_8",2019-04-05,2019-08-06,2020-03-10,"V",2020-11-17,"V",NA,"M"
"1007","1A_1_6",2019-04-05,2019-08-06,2020-03-10,"V",2020-11-14,"V",2023-06-27,"V"
"1009","1A_2_10",2019-04-05,2019-08-06,2020-03-10,"V",NA,"M",NA,"M"
"1035","1A_5_3",2019-04-05,2019-08-06,2020-03-10,"V",2020-11-17,"V",2023-06-26,"V"
"1036","1A_2_1",2019-04-05,2019-08-06,2020-03-10,"V",2020-11-17,"V",2023-06-23,"V"
"1002","2A_3_3",2019-04-02,2019-09-04,2020-03-10,"V",2020-11-12,"V",NA,"M"
"1002","2A_2_6",2019-04-02,2019-09-04,2020-03-10,"V",2020-11-13,"V",NA,"M"
"1002","2A_4_4",2019-04-02,2019-09-04,2020-03-10,"V",2020-11-13,"V",2023-06-23,"V"
"1015","2A_2_9",2019-04-02,2019-09-04,2020-03-10,"V",2020-11-13,"V",2023-05-28,"V"
"1015","2A_5_4",2019-04-02,2019-09-04,2020-03-10,"V",2020-11-12,"V",2023-06-23,"V"
"1026","2A_1_1",2019-04-02,2019-09-04,2020-03-10,"M",NA,"M",NA,"M"
"1039","2A_4_7",2019-04-02,2019-09-04,2020-03-10,"V",2020-11-12,"V",2023-06-25,"V"
"1039","2A_5_10",2019-04-02,2019-09-04,2020-03-10,"V",2020-11-12,"V",2023-06-24,"V"
"1037","2A_3_10",2019-04-02,2019-09-04,2020-03-10,"V",2020-11-12,"V",NA,"M"
"1006","2A_5_8",2019-04-02,2019-09-04,2020-03-10,"V",2020-11-12,"V",2023-06-22,"V"
"1040","2A_3_2",2019-04-05,2019-09-04,2020-03-10,"V",2020-11-12,"V",2023-06-27,"V"
"1001","2A_5_2",2019-04-05,2019-09-04,2020-03-10,"V",NA,"M",NA,"M"
"1034","2A_2_1",2019-04-05,2019-09-04,2020-03-10,"V",2020-11-13,"V",2023-05-28,"V"
"1034","2A_1_5",2019-04-05,2019-09-04,2020-03-10,"V",2020-11-16,"V",2023-06-26,"V"
"1009","2A_4_8",2019-04-05,2019-09-04,2020-03-10,"V",2020-11-13,"V",2023-06-25,"V"
"1009","2A_5_9",2019-04-05,2019-09-04,2020-03-10,"V",2020-11-13,"V",2023-06-27,"V"
"1009","2A_5_3",2019-04-05,2019-09-04,2020-03-10,"V",2020-11-13,"V",2023-06-26,"V"
"1009","2A_4_3",2019-04-05,2019-09-04,2020-03-10,"V",2020-11-14,"V",2023-06-24,"V"
"1008","2A_4_5",2019-04-05,2019-09-04,2020-03-10,"V",2020-11-12,"V",2023-06-24,"V"
"1008","2A_2_7",2019-04-05,2019-09-04,2020-03-10,"V",2020-11-12,"V",2023-05-28,"V"
"1035","2A_2_8",2019-04-05,2019-09-04,2020-03-10,"V",2020-11-13,"V",2023-06-27,"V"
"1035","2A_4_2",2019-04-05,2019-09-04,2020-03-10,"V",NA,"M",NA,"M"
"1028","2A_4_9",2019-04-05,2019-09-04,2020-03-11,"V",2020-11-12,"V",NA,"M"
"1028","2A_1_6",2019-04-05,2019-09-04,2020-03-11,"V",2020-11-13,"V",2023-06-22,"V"
"1028","2A_5_5",2019-04-05,2019-09-04,2020-03-11,"V",2020-11-13,"V",2023-06-25,"V"
"1036","2A_3_8",2019-04-05,2019-09-04,2020-03-11,"V",2020-11-12,"V",2023-06-25,"V"
"1036","2A_1_10",2019-04-05,2019-09-04,2020-03-11,"V",NA,"M",NA,"M"
"1036","2A_1_9",2019-04-05,2019-09-04,2020-03-11,"V",2020-11-13,"V",NA,"M"
"1027","2A_5_7",2019-04-05,2019-09-04,2020-03-11,"V",2020-11-12,"V",2023-06-27,"V"
"1018","2A_1_7",2019-04-05,2019-09-04,2020-03-11,"V",2020-11-13,"V",2023-06-24,"V"
"1018","2A_3_1",2019-04-05,2019-09-04,2020-03-11,"V",2020-11-13,"V",2023-06-27,"V"
"1018","2A_5_6",2019-04-05,2019-09-04,2020-03-11,"V",2020-11-13,"V",2023-06-22,"V"
"1027","2A_3_7",2019-04-05,2019-09-04,2020-03-11,"V",2020-11-13,"V",2023-06-25,"V"
"1007","2A_4_1",2019-04-05,2019-09-04,2020-03-11,"V",2020-11-13,"V",2023-05-27,"V"
"1014","2A_3_9",2019-04-05,2019-09-04,2020-03-11,"V",2020-11-13,"V",2023-05-27,"V"
"1014","2A_1_2",2019-04-05,2019-09-04,2020-03-11,"V",2020-11-16,"V",NA,"M"
"1014","2A_4_6",2019-04-05,2019-09-04,2020-03-11,"V",2020-11-17,"V",2023-06-26,"V"
"1012","2A_2_10",2019-04-05,2019-09-04,2020-03-11,"V",2020-11-13,"V",2023-06-24,"V"
"1011","2A_1_3",2019-04-05,2019-09-04,2020-03-11,"V",2020-11-16,"V",2023-06-23,"V"
"1007","2A_1_4",2019-04-05,2019-09-04,2020-03-11,"V",NA,"M",NA,"M"
"1008","2A_5_1",2019-04-05,2019-09-04,2020-03-11,"V",2020-11-17,"V",2023-06-24,"V"
"1033","2A_3_6",2019-04-05,2019-09-04,2020-03-11,"V",2020-11-13,"V",2023-06-27,"V"
"1020","2A_3_4",2019-04-05,2019-09-04,2020-03-11,"V",2020-11-12,"V",2023-06-27,"V"
"1020","2A_3_5",2019-04-05,2019-09-04,2020-03-11,"V",2020-11-13,"V",NA,"M"
"1010","2A_2_3",2019-04-05,2019-09-04,2020-03-11,"V",2020-11-16,"V",2023-06-22,"V"
"1017","2A_4_10",2019-04-05,2019-09-04,2020-03-11,"V",2020-11-13,"V",2023-06-24,"V"
"1003","2A_1_8",2019-04-05,2019-09-04,2020-03-11,"V",2020-11-13,"V",2023-06-25,"V"
"1042","2A_2_4",2019-04-05,2019-09-04,2020-03-11,"V",2020-11-12,"V",2023-06-26,"V"
"1038","2A_2_5",2019-04-05,2019-09-04,2020-03-11,"V",2020-11-16,"V",2023-06-24,"V"
"1030","2A_2_2",2019-04-05,2019-09-04,2020-03-11,"V",2020-11-16,"V",2023-06-24,"V"
"1039","3A_3_9",2019-04-02,2019-11-04,2020-03-11,"V",2020-11-17,"V",NA,"M"
"1026","3A_3_7",2019-04-02,2019-11-04,2020-03-11,"M",NA,"M",NA,"M"
"1024","3A_1_4",2019-04-02,2019-11-04,2020-03-11,"V",2020-11-16,"V",NA,"M"
"1002","3A_5_3",2019-04-02,2019-11-04,2020-03-11,"V",2020-11-15,"V",2023-06-26,"V"
"1002","3A_1_2",2019-04-02,2019-11-04,2020-03-11,"V",2020-11-16,"V",2023-06-23,"V"
"1037","3A_2_9",2019-04-02,2019-11-04,2020-03-11,"V",2020-11-17,"V",2023-06-24,"V"
"1015","3A_2_2",2019-04-02,2019-11-04,2020-03-11,"V",2020-11-16,"V",NA,"M"
"1040","3A_2_6",2019-04-05,2019-11-04,2020-03-11,"V",2020-11-17,"V",NA,"M"
"1034","3A_4_10",2019-04-05,2019-11-04,2020-03-11,"V",2020-11-15,"V",NA,"M"
"1009","3A_1_5",2019-04-05,2019-11-04,2020-03-11,"V",2020-11-15,"V",2023-06-23,"V"
"1008","3A_2_7",2019-04-05,2019-11-04,2020-03-11,"V",2020-11-16,"V",2023-06-23,"V"
"1035","3A_3_10",2019-04-05,2019-11-04,2020-03-11,"V",2020-11-15,"V",2023-06-25,"V"
"1028","3A_5_9",2019-04-05,2019-11-04,2020-03-11,"M",NA,"M",NA,"M"
"1036","3A_1_10",2019-04-05,2019-11-04,2020-03-11,"V",2020-11-16,"V",2023-06-24,"V"
"1027","3A_3_6",2019-04-05,2019-11-04,2020-03-11,"V",2020-11-16,"V",2023-06-27,"V"
"1018","3A_5_2",2019-04-05,2019-11-04,2020-03-11,"V",2020-11-16,"V",2023-06-25,"V"
"1014","3A_3_3",2019-04-05,2019-11-04,2020-03-11,"V",2020-11-16,"V",2023-06-24,"V"
"1012","3A_2_1",2019-04-05,2019-11-04,2020-03-11,"V",2020-11-15,"V",2023-06-22,"V"
"1041","3A_5_6",2019-04-05,2019-11-04,2020-03-11,"V",2020-11-16,"V",2023-06-27,"V"
"1007","3A_3_5",2019-04-05,2019-11-04,2020-03-11,"V",2020-11-16,"V",2023-06-23,"V"
"1020","3A_3_2",2019-04-05,2019-11-04,2020-03-11,"V",2020-11-16,"V",2023-06-24,"V"
"1010","3A_4_3",2019-04-05,2019-11-04,2020-03-11,"V",2020-11-15,"V",2023-06-27,"V"
"1017","3A_2_8",2019-04-05,2019-11-04,2020-03-11,"V",2020-11-15,"V",2023-06-22,"V"
"1003","3A_5_4",2019-04-05,2019-11-04,2020-03-11,"V",2020-11-17,"V",NA,"M"
"1039","3A_3_8",2019-04-05,2019-11-04,2020-03-11,"V",2020-11-16,"V",2023-06-25,"V"
"1024","3A_2_10",2019-04-05,2019-11-04,2020-03-11,"V",NA,"M",NA,"M"
"1002","3A_2_5",2019-04-05,2019-11-04,2020-03-11,"V",2020-11-15,"V",2023-06-22,"V"
"1037","3A_1_8",2019-04-05,2019-11-04,2020-03-11,"V",NA,"M",NA,"M"
"1034","3A_1_6",2019-04-05,2019-11-04,2020-03-11,"V",2020-11-16,"V",NA,"M"
"1009","3A_1_7",2019-04-05,2019-11-04,2020-03-11,"V",2020-11-16,"V",2023-06-24,"V"
"1008","3A_4_2",2019-04-05,2019-11-04,2020-03-11,"V",2020-11-15,"V",2023-06-27,"V"
"1035","3A_3_1",2019-04-05,2019-11-04,2020-03-11,"V",2020-11-16,"V",2023-06-27,"V"
"1028","3A_4_9",2019-04-05,2019-11-04,2020-03-11,"V",NA,"M",NA,"M"
"1036","3A_4_7",2019-04-05,2019-11-04,2020-03-11,"V",2020-11-18,"V",NA,"M"
"1018","3A_2_4",2019-04-05,2019-11-04,2020-03-11,"V",2020-11-16,"V",2023-06-22,"V"
"1014","3A_2_3",2019-04-05,2019-11-04,2020-03-11,"V",2020-11-17,"V",2023-06-27,"V"
"1012","3A_1_9",2019-04-05,2019-11-04,2020-03-11,"V",2020-11-15,"V",NA,"M"
"1041","3A_1_1",2019-04-05,2019-11-04,2020-03-11,"V",NA,"M",NA,"M"
"1020","3A_5_1",2019-04-05,2019-11-04,2020-03-11,"V",2020-11-16,"V",2023-06-25,"V"
"1017","3A_5_5",2019-04-05,2019-11-04,2020-03-11,"V",2020-11-16,"V",NA,"M"
"1012","3A_5_8",2019-04-05,2019-11-04,2020-03-11,"V",2020-11-16,"V",2023-06-25,"V"
"1017","3A_1_3",2019-04-05,2019-11-04,2020-03-11,"V",2020-11-17,"V",2023-06-25,"V"
"1020","3A_4_6",2019-04-05,2019-11-04,2020-03-11,"V",NA,"M",NA,"M"
"1032","3A_3_4",2019-04-05,2019-11-04,2020-03-11,"V",2020-11-17,"V",2023-06-23,"V"
"1009","3A_4_4",2019-04-05,2019-11-04,2020-03-11,"V",2020-11-16,"V",2023-06-27,"V"
"1008","3A_4_1",2019-04-05,2019-11-04,2020-03-11,"V",NA,"M",NA,"M"
"1035","3A_4_5",2019-04-05,2019-11-04,2020-03-11,"V",2020-11-17,"V",NA,"M"
"1036","3A_4_8",2019-04-05,2019-11-04,2020-03-11,"V",2020-11-15,"V",2023-06-25,"V"
"1039","3A_5_7",2019-04-05,2019-11-04,2020-03-11,"V",2020-11-16,"V",NA,"M"
"1002","3A_5_10",2019-04-05,2019-11-04,2020-03-11,"V",2020-11-16,"V",2023-06-25,"V"
"1026","4A_5_1",2019-04-02,2019-12-07,2020-03-12,"V",NA,"M",NA,"M"
"1039","4A_4_10",2019-04-02,2019-12-07,2020-03-12,"V",2020-11-18,"V",2023-06-27,"V"
"1002","4A_2_3",2019-04-02,2019-12-07,2020-03-12,"V",2020-11-18,"V",2023-06-24,"V"
"1002","4A_5_4",2019-04-02,2019-12-07,2020-03-12,"V",2020-11-18,"V",2023-06-23,"V"
"1002","4A_4_6",2019-04-02,2019-12-07,2020-03-12,"V",2020-11-18,"V",2023-06-24,"V"
"1002","4A_1_5",2019-04-02,2019-12-07,2020-03-12,"V",2020-11-18,"V",2023-06-24,"V"
"1002","4A_2_4",2019-04-02,2019-12-07,2020-03-12,"V",2020-11-18,"V",2023-06-24,"V"
"1037","4A_5_5",2019-04-02,2019-12-07,2020-03-12,"V",2020-11-18,"V",NA,"M"
"1037","4A_1_6",2019-04-02,2019-12-07,2020-03-12,"V",2020-11-18,"V",2023-06-25,"V"
"1022","4A_3_4",2019-04-02,2019-12-07,2020-03-12,"V",2020-11-18,"V",NA,"M"
"1022","4A_2_10",2019-04-02,2019-12-07,2020-03-12,"V",2020-11-18,"V",NA,"M"
"1022","4A_5_3",2019-04-02,2019-12-07,2020-03-12,"V",2020-11-18,"V",2023-06-27,"V"
"1004","4A_2_8",2019-04-02,2019-12-07,2020-03-12,"V",2020-11-18,"V",2023-06-26,"V"
"1004","4A_1_7",2019-04-02,2019-12-07,2020-03-12,"V",2020-11-18,"V",NA,"M"
"1040","4A_5_10",2019-04-05,2019-12-07,2020-03-12,"V",2020-11-18,"V",2023-06-22,"V"
"1034","4A_5_2",2019-04-05,2019-12-07,2020-03-12,"M",NA,"M",NA,"M"
"1034","4A_4_5",2019-04-05,2019-12-07,2020-03-12,"V",2020-11-18,"V",2023-06-22,"V"
"1034","4A_1_4",2019-04-05,2019-12-07,2020-03-12,"V",2020-11-18,"V",2023-06-26,"V"
"1034","4A_4_9",2019-04-05,2019-12-07,2020-03-12,"V",2020-11-18,"V",2023-06-24,"V"
"1009","4A_4_8",2019-04-05,2019-12-07,2020-03-12,"V",2020-11-18,"V",2023-06-25,"V"
"1034","4A_5_6",2019-04-05,2019-12-07,2020-03-12,"V",2020-11-18,"V",2023-06-24,"V"
"1008","4A_4_2",2019-04-05,2019-12-07,2020-03-12,"V",2020-11-18,"V",2023-06-27,"V"
"1035","4A_4_7",2019-04-05,2019-12-07,2020-03-12,"V",2020-11-18,"V",2023-06-26,"V"
"1009","4A_5_8",2019-04-05,2019-12-07,2020-03-12,"V",2020-11-18,"V",2023-05-28,"V"
"1034","4A_3_8",2019-04-05,2019-12-07,2020-03-12,"V",2020-11-18,"V",2023-06-22,"V"
"1009","4A_2_6",2019-04-05,2019-12-07,2020-03-12,"V",2020-11-18,"V",NA,"M"
"1008","4A_2_1",2019-04-05,2019-12-07,2020-03-12,"V",2020-11-18,"V",2023-06-24,"V"
"1035","4A_2_2",2019-04-05,2019-12-07,2020-03-12,"V",2020-11-18,"V",2023-06-27,"V"
"1009","4A_3_6",2019-04-05,2019-12-07,2020-03-12,"V",2020-11-18,"V",2023-05-28,"V"
"1008","4A_4_1",2019-04-05,2019-12-07,2020-03-12,"V",2020-11-18,"V",2023-06-25,"V"
"1008","4A_3_7",2019-04-05,2019-12-07,2020-03-12,"V",2020-11-18,"V",2023-06-26,"V"
"1008","4A_5_9",2019-04-05,2019-12-07,2020-03-12,"V",2020-11-18,"V",2023-06-26,"V"
"1008","4A_1_3",2019-04-05,2019-12-07,2020-03-12,"V",2020-11-18,"V",NA,"M"
"1008","4A_5_7",2019-04-05,2019-12-07,2020-03-12,"V",2020-11-18,"V",2023-06-25,"V"
"1036","4A_1_10",2019-04-05,2019-12-07,2020-03-12,"V",2020-11-18,"V",2023-06-24,"V"
"1018","4A_1_2",2019-04-05,2019-12-07,2020-03-12,"V",2020-11-18,"V",2023-05-27,"V"
"1018","4A_2_5",2019-04-05,2019-12-07,2020-03-12,"V",2020-11-18,"V",2023-06-27,"V"
"1033","4A_3_1",2019-04-05,2019-12-07,2020-03-12,"V",2020-11-18,"V",2023-06-27,"V"
"1018","4A_1_1",2019-04-05,2019-12-07,2020-03-12,"V",2020-11-18,"V",2023-06-27,"V"
"1014","4A_3_5",2019-04-05,2019-12-07,2020-03-12,"V",2020-11-18,"V",2023-06-27,"V"
"1012","4A_1_8",2019-04-05,2019-12-07,2020-03-12,"V",2020-11-18,"V",2023-06-24,"V"
"1041","4A_3_10",2019-04-05,2019-12-07,2020-03-12,"V",2020-11-18,"V",2023-06-27,"V"
"1033","4A_3_9",2019-04-05,2019-12-07,2020-03-12,"V",2020-11-18,"V",2023-06-27,"V"
"1020","4A_3_2",2019-04-05,2019-12-07,2020-03-12,"V",2020-11-18,"V",2023-06-26,"V"
"1020","4A_1_9",2019-04-05,2019-12-07,2020-03-12,"V",2020-11-18,"V",2023-05-28,"V"
"1032","4A_3_3",2019-04-05,2019-12-07,2020-03-12,"V",2020-11-18,"V",2023-06-23,"V"
"1020","4A_2_9",2019-04-05,2019-12-07,2020-03-12,"V",2020-11-18,"V",2023-06-27,"V"
"1020","4A_4_4",2019-04-05,2019-12-07,2020-03-12,"V",2020-11-18,"V",2023-06-25,"V"
"1032","4A_4_3",2019-04-05,2019-12-07,2020-03-12,"V",2020-11-18,"V",2023-06-27,"V"
"1032","4A_2_7",2019-04-05,2019-12-07,2020-03-12,"M",2020-11-18,"V",NA,"M"
"1029","5A_3_10",2019-04-05,2019-12-07,2020-03-13,"V",2020-11-18,"V",NA,"M"
"1038","5A_4_1",2019-04-05,2019-12-07,2020-03-13,"V",2020-11-17,"V",2023-06-25,"V"
"1014","5A_5_7",2019-04-05,2019-12-07,2020-03-13,"M",NA,"M",NA,"M"
"1012","5A_4_5",2019-04-05,2019-12-07,2020-03-13,"V",2020-11-17,"V",2023-06-27,"V"
"1041","5A_3_7",2019-04-05,2019-12-07,2020-03-13,"V",2020-11-17,"V",NA,"M"
"1007","5A_5_3",2019-04-05,2019-12-07,2020-03-13,"V",2020-11-18,"V",2023-06-26,"V"
"1031","5A_2_9",2019-04-05,2019-12-07,2020-03-13,"V",2020-11-17,"V",2023-06-24,"V"
"1033","5A_4_6",2019-04-05,2019-12-07,2020-03-13,"V",2020-11-18,"V",NA,"M"
"1033","5A_5_5",2019-04-05,2019-12-07,2020-03-13,"V",2020-11-17,"V",NA,"M"
"1020","5A_4_7",2019-04-05,2019-12-07,2020-03-13,"V",2020-11-17,"V",NA,"M"
"1020","5A_1_9",2019-04-05,2019-12-07,2020-03-13,"V",2020-11-18,"V",2023-06-22,"V"
"1020","5A_3_2",2019-04-05,2019-12-07,2020-03-13,"V",2020-11-18,"V",2023-06-25,"V"
"1020","5A_1_1",2019-04-05,2019-12-07,2020-03-13,"V",2020-11-18,"V",2023-06-26,"V"
"1010","5A_1_10",2019-04-05,2019-12-07,2020-03-13,"V",2020-11-18,"V",NA,"M"
"1032","5A_1_6",2019-04-05,2019-12-07,2020-03-13,"V",2020-11-18,"V",NA,"M"
"1010","5A_2_3",2019-04-05,2019-12-07,2020-03-13,"V",2020-11-18,"V",2023-06-25,"V"
"1032","5A_5_8",2019-04-05,2019-12-07,2020-03-13,"V",2020-11-18,"V",2023-06-27,"V"
"1040","5A_5_9",2019-04-05,2019-12-07,2020-03-13,"V",2020-11-17,"V",2023-06-27,"V"
"1032","5A_3_8",2019-04-05,2019-12-07,2020-03-13,"V",2020-11-17,"V",NA,"M"
"1032","5A_2_10",2019-04-05,2019-12-07,2020-03-13,"V",2020-11-17,"V",2023-06-24,"V"
"1034","5A_5_10",2019-04-05,2019-12-07,2020-03-13,"V",NA,"M",NA,"M"
"1034","5A_4_3",2019-04-05,2019-12-07,2020-03-13,"V",2020-11-18,"V",2023-06-24,"V"
"1034","5A_2_4",2019-04-05,2019-12-07,2020-03-13,"V",2020-11-17,"V",NA,"M"
"1034","5A_4_4",2019-04-05,2019-12-07,2020-03-13,"V",2020-11-17,"V",NA,"M"
"1034","5A_1_7",2019-04-05,2019-12-07,2020-03-13,"V",2020-11-17,"V",2023-06-25,"V"
"1034","5A_4_10",2019-04-05,2019-12-07,2020-03-13,"V",2020-11-17,"V",2023-06-27,"V"
"1034","5A_2_1",2019-04-05,2019-12-07,2020-03-13,"M",NA,"M",NA,"M"
"1034","5A_1_4",2019-04-05,2019-12-07,2020-03-13,"V",NA,"M",NA,"M"
"1009","5A_5_4",2019-04-05,2019-12-07,2020-03-13,"V",2020-11-17,"V",2023-06-23,"V"
"1009","5A_4_2",2019-04-05,2019-12-07,2020-03-13,"M",NA,"M",NA,"M"
"1009","5A_2_5",2019-04-05,2019-12-07,2020-03-13,"V",2020-11-17,"V",2023-06-22,"V"
"1009","5A_1_2",2019-04-05,2019-12-07,2020-03-13,"V",2020-11-17,"V",2023-06-25,"V"
"1009","5A_3_1",2019-04-05,2019-12-07,2020-03-13,"V",2020-11-17,"V",2023-05-28,"V"
"1009","5A_3_6",2019-04-05,2019-12-07,2020-03-13,"V",2020-11-17,"V",2023-06-23,"V"
"1008","5A_4_8",2019-04-05,2019-12-07,2020-03-13,"V",2020-11-17,"V",NA,"M"
"1008","5A_1_5",2019-04-05,2019-12-07,2020-03-13,"V",2020-11-17,"V",2023-06-25,"V"
"1008","5A_5_6",2019-04-05,2019-12-07,2020-03-13,"V",NA,"M",NA,"M"
"1008","5A_2_8",2019-04-05,2019-12-07,2020-03-13,"V",2020-11-18,"V",2023-06-24,"V"
"1008","5A_5_2",2019-04-05,2019-12-07,2020-03-13,"V",2020-11-17,"V",2023-06-24,"V"
"1008","5A_2_6",2019-04-05,2019-12-07,2020-03-13,"V",2020-11-17,"V",NA,"M"
"1035","5A_2_2",2019-04-05,2019-12-07,2020-03-13,"V",2020-11-17,"V",2023-06-23,"V"
"1035","5A_3_9",2019-04-05,2019-12-07,2020-03-13,"V",2020-11-18,"V",2023-06-24,"V"
"1028","5A_5_1",2019-04-05,2019-12-07,2020-03-13,"V",2020-11-17,"V",2023-06-23,"V"
"1036","5A_1_3",2019-04-05,2019-12-07,2020-03-13,"V",2020-11-17,"V",2023-06-25,"V"
"1036","5A_3_3",2019-04-05,2019-12-07,2020-03-13,"V",2020-11-17,"V",2023-06-23,"V"
"1018","5A_1_8",2019-04-05,2019-12-07,2020-03-13,"V",2020-11-17,"V",2023-06-23,"V"
"1018","5A_3_4",2019-04-05,2019-12-07,2020-03-13,"V",2020-11-17,"V",2023-06-22,"V"
"xx","5A_3_5",2019-04-05,2019-12-07,2020-03-13,"V",NA,"M",NA,"M"
"1008","5A_2_7",2019-04-05,2019-12-07,2020-03-13,"V",2020-11-17,"V",NA,"M"
"----","5A_4_9",2019-04-05,2019-12-07,2020-03-13,"M",NA,"M",NA,"M"
